Workbook

Sheet 요약
A1: Profit Calculator 0.3.2 · 3×3 수익성 비교
A2: 생성 시각 | B2: 2026-08-01 12:56:16 | D2: 분석 기준 | E2: 3개 공간 × 3개 작물 = 9개 대안 시나리오
A4: 시나리오ID | B4: 사업장ID | C4: 사업장명 | D4: 작물 | E4: 공실 전체면적(m²) | F4: 재배면적(m²) | G4: 원하는 월세(원) | H4: 월 총생산량(kg) | I4: 월 판매량(kg) | J4: 월 매출(원) | K4: 월평균 전력량(kWh) | L4: 월 전기비(원) | M4: 배액률 | N4: 월 작물 순소비량(m³) | O4: 월 배액량(m³) | P4: 월 기타 용수량(m³) | Q4: 월 총 용수량(m³) | R4: 월 수도비(원) | S4: 월 재료비(원) | T4: 월 인건비(원) | U4: 감가상각 등 기타비(원) | V4: 월 운영비(원) | W4: 월 영업이익(원) | X4: 공간 대여자 배분율 | Y4: 공간 대여자 예상수익(원) | Z4: 공실 월세 대비 차이(원) | AA4: 사업장 영업이익(원) | AB4: 추천 방식 | AC4: 계약 형태
A5: S001-상추 | B5: S001 | C5: 부산 금정구 농장 | D5: 상추 | E5: 164 | F5: 393.6 | G5: 1200000 | H5: 1180.8 | I5: 1062.72 | J5: 8501760 | K5: 33032.112 | L5: 5119977.3 | M5: 0.3 | N5: 38.3104 | O5: 16.418743 | P5: 0.99766667 | Q5: 55.72681 | R5: 128171.66 | S5: 3252000 | T5: 6092928 | U5: 100000 | V5: 14693077 | W5: -6191317 | X5: 0.8 | Y5: -4953053.6 | Z5: -6153053.6 | AA5: -1238263.4 | AB5: 개인취미 대여 방식 추천 | AC5: 단기계약형
A6: S001-딸기 | B6: S001 | C6: 부산 금정구 농장 | D6: 딸기 | E6: 164 | F6: 393.6 | G6: 1200000 | H6: 610.08 | I6: 549.072 | J6: 16472160 | K6: 23892.67 | L6: 3703363.8 | M6: 0.3 | N6: 10.7748 | O6: 4.6177714 | P6: 0.99766667 | Q6: 16.390238 | R6: 37697.548 | S6: 2514000 | T6: 3148012.8 | U6: 100000 | V6: 9503074.2 | W6: 6969085.8 | X6: 0.8 | Y6: 5575268.7 | Z6: 4375268.7 | AA6: 1393817.2 | AB6: 도심형 대량생산 스마트팜 방식 추천 | AC6: 장기계약형
A7: S001-바질 | B7: S001 | C7: 부산 금정구 농장 | D7: 바질 | E7: 164 | F7: 393.6 | G7: 1200000 | H7: 944.64 | I7: 850.176 | J7: 17003520 | K7: 25044.232 | L7: 3881856 | M7: 0.3 | N7: 13.1692 | O7: 5.6439429 | P7: 0.99766667 | Q7: 19.81081 | R7: 45564.862 | S7: 5023200 | T7: 4874342.4 | U7: 100000 | V7: 13924963 | W7: 3078556.7 | X7: 0.8 | Y7: 2462845.4 | Z7: 1262845.4 | AA7: 615711.34 | AB7: 도심형 대량생산 스마트팜 방식 추천 | AC7: 장기계약형
A8: S002-상추 | B8: S002 | C8: 부산 해운대 농장 | D8: 상추 | E8: 66 | F8: 158.4 | G8: 800000 | H8: 475.2 | I8: 427.68 | J8: 3421440 | K8: 13299.25 | L8: 2061383.7 | M8: 0.3 | N8: 15.4176 | O8: 6.6075429 | P8: 0.4015 | Q8: 22.426643 | R8: 51581.279 | S8: 1488000 | T8: 2452032 | U8: 100000 | V8: 6152997 | W8: -2731557 | X8: 0.8 | Y8: -2185245.6 | Z8: -2985245.6 | AA8: -546311.4 | AB8: 개인취미 대여 방식 추천 | AC8: 단기계약형
A9: S002-딸기 | B9: S002 | C9: 부산 해운대 농장 | D9: 딸기 | E9: 66 | F9: 158.4 | G9: 800000 | H9: 245.52 | I9: 220.968 | J9: 6629040 | K9: 9619.6666 | L9: 1491048.3 | M9: 0.3 | N9: 4.3362 | O9: 1.8583714 | P9: 0.4015 | Q9: 6.5960714 | R9: 15170.964 | S9: 1191000 | T9: 1266883.2 | U9: 100000 | V9: 4064102.5 | W9: 2564937.5 | X9: 0.8 | Y9: 2051950 | Z9: 1251950 | AA9: 512987.5 | AB9: 도심형 대량생산 스마트팜 방식 추천 | AC9: 장기계약형
A10: S002-바질 | B10: S002 | C10: 부산 해운대 농장 | D10: 바질 | E10: 66 | F10: 158.4 | G10: 800000 | H10: 380.16 | I10: 342.144 | J10: 6842880 | K10: 10082.765 | L10: 1562828.6 | M10: 0.3 | N10: 5.2998 | O10: 2.2713429 | P10: 0.4015 | Q10: 7.9726429 | R10: 18337.079 | S10: 2200800 | T10: 1961625.6 | U10: 100000 | V10: 5843591.3 | W10: 999288.72 | X10: 0.8 | Y10: 799430.98 | Z10: -569.02306 | AA10: 199857.74 | AB10: 개인취미 대여 방식 추천 | AC10: 단기계약형
A11: S003-상추 | B11: S003 | C11: 부산 사하구 농장 | D11: 상추 | E11: 324 | F11: 1134 | G11: 3500000 | H11: 3402 | I11: 3061.8 | J11: 24494400 | K11: 95183.499 | L11: 14753442 | M11: 0.3 | N11: 110.376 | O11: 47.304 | P11: 1.971 | Q11: 159.651 | R11: 367197.3 | S11: 8805000 | T11: 17554320 | U11: 100000 | V11: 41579960 | W11: -17085560 | X11: 0.8 | Y11: -13668448 | Z11: -17168448 | AA11: -3417111.9 | AB11: 개인취미 대여 방식 추천 | AC11: 단기계약형
A12: S003-딸기 | B12: S003 | C12: 부산 사하구 농장 | D12: 딸기 | E12: 324 | F12: 1134 | G12: 3500000 | H12: 1757.7 | I12: 1581.93 | J12: 47457900 | K12: 68862.84 | L12: 10673740 | M12: 0.3 | N12: 31.04325 | O12: 13.30425 | P12: 1.971 | Q12: 46.3185 | R12: 106532.55 | S12: 6678750 | T12: 9069732 | U12: 100000 | V12: 26628755 | W12: 20829145 | X12: 0.8 | Y12: 16663316 | Z12: 13163316 | AA12: 4165829 | AB12: 도심형 대량생산 스마트팜 방식 추천 | AC12: 장기계약형
A13: S003-바질 | B13: S003 | C13: 부산 사하구 농장 | D13: 바질 | E13: 324 | F13: 1134 | G13: 3500000 | H13: 2721.6 | I13: 2449.44 | J13: 48988800 | K13: 72222.752 | L13: 11194527 | M13: 0.3 | N13: 37.94175 | O13: 16.26075 | P13: 1.971 | Q13: 56.1735 | R13: 129199.05 | S13: 13908000 | T13: 14043456 | U13: 100000 | V13: 39375182 | W13: 9613618.3 | X13: 0.8 | Y13: 7690894.7 | Z13: 4190894.7 | AA13: 1922723.7 | AB13: 도심형 대량생산 스마트팜 방식 추천 | AC13: 장기계약형

Sheet 계산상세
A1: 계산 블록 1~10 상세 결과
A3: 시나리오ID | B3: 사업장 | C3: 작물 | D3: 계산 블록 | E3: 항목 | F3: 값 | G3: 단위
A4: S001-상추 | B4: 부산 금정구 농장 | C4: 상추 | D4: 1. 공간 | E4: 공실 전체면적 | F4: 164 | G4: m²
A5: S001-상추 | B5: 부산 금정구 농장 | C5: 상추 | D5: 1. 공간 | E5: 사용가능 바닥면적 | F5: 98.4 | G5: m²
A6: S001-상추 | B6: 부산 금정구 농장 | C6: 상추 | D6: 1. 공간 | E6: 재배면적 | F6: 393.6 | G6: m²
A7: S001-상추 | B7: 부산 금정구 농장 | C7: 상추 | D7: 1. 공간 | E7: 공간 체적 | F7: 410 | G7: m³
A8: S001-상추 | B8: 부산 금정구 농장 | C8: 상추 | D8: 2. 생산 | E8: 월 총생산량 | F8: 1180.8 | G8: kg
A9: S001-상추 | B9: 부산 금정구 농장 | C9: 상추 | D9: 2. 생산 | E9: 월 판매량 | F9: 1062.72 | G9: kg
A10: S001-상추 | B10: 부산 금정구 농장 | C10: 상추 | D10: 3. 매출 | E10: 판매가격 | F10: 8000 | G10: 원/kg
A11: S001-상추 | B11: 부산 금정구 농장 | C11: 상추 | D11: 3. 매출 | E11: 월 매출 | F11: 8501760 | G11: 원
A12: S001-상추 | B12: 부산 금정구 농장 | C12: 상추 | D12: 4. 조명·냉난방 | E12: 필요 조명전력 | F12: 28114.286 | G12: W
A13: S001-상추 | B13: 부산 금정구 농장 | C13: 상추 | D13: 4. 조명·냉난방 | E13: 월 조명전력량 | F13: 12827.143 | G13: kWh
A14: S001-상추 | B14: 부산 금정구 농장 | C14: 상추 | D14: 5. 습도 | E14: 월 증발산량 | F14: 38310.4 | G14: kg
A15: S001-상추 | B15: 부산 금정구 농장 | C15: 상추 | D15: 6. 전기비 | E15: 월평균 총 전력량 | F15: 33032.112 | G15: kWh
... A282: S003-바질 | B282: 부산 사하구 농장 | C282: 바질 | D282: 10. 수익 | E282: 사업장 영업이익 | F282: 1922723.7 | G282: 원

Sheet 월별전력량
A1: 12개월 환경제어 전력량
A3: 시나리오ID | B3: 사업장 | C3: 작물 | D3: 월 | E3: 외기온도(°C) | F3: 외기상대습도 | G3: 조명(kWh) | H3: 난방(kWh) | I3: 냉방(kWh) | J3: 제습(kWh) | K3: 가습(kWh) | L3: 총합(kWh)
A4: S001-상추 | B4: 부산 금정구 농장 | C4: 상추 | D4: 1월 | E4: -2 | F4: 0.55 | G4: 12827.143 | H4: 141.62431 | I4: 3747.2079 | J4: 16202.016 | K4: 0 | L4: 32917.991
A5: S001-상추 | B5: 부산 금정구 농장 | C5: 상추 | D5: 2월 | E5: 1 | F5: 0.52 | G5: 12827.143 | H5: 122.31191 | I5: 3790.1243 | J5: 16180.455 | K5: 0 | L5: 32920.034
A6: S001-상추 | B6: 부산 금정구 농장 | C6: 상추 | D6: 3월 | E6: 7 | F6: 0.55 | G6: 12827.143 | H6: 83.687093 | I6: 3875.9573 | J6: 16152.36 | K6: 0 | L6: 32939.147
A7: S001-상추 | B7: 부산 금정구 농장 | C7: 상추 | D7: 4월 | E7: 14 | F7: 0.58 | G7: 12827.143 | H7: 38.624812 | I7: 3976.0957 | J7: 16136.586 | K7: 0 | L7: 32978.449
A8: S001-상추 | B8: 부산 금정구 농장 | C8: 상추 | D8: 5월 | E8: 19 | F8: 0.65 | G8: 12827.143 | H8: 6.4374687 | I8: 4047.6231 | J8: 16156.348 | K8: 0 | L8: 33037.551
A9: S001-상추 | B9: 부산 금정구 농장 | C9: 상추 | D9: 6월 | E9: 23 | F9: 0.72 | G9: 12827.143 | H9: 0 | I9: 4130.5949 | J9: 16178.421 | K9: 0 | L9: 33136.159
A10: S001-상추 | B10: 부산 금정구 농장 | C10: 상추 | D10: 7월 | E10: 26 | F10: 0.78 | G10: 12827.143 | H10: 0 | I10: 4199.2612 | J10: 16209.909 | K10: 0 | L10: 33236.313
A11: S001-상추 | B11: 부산 금정구 농장 | C11: 상추 | D11: 8월 | E11: 27 | F11: 0.76 | G11: 12827.143 | H11: 0 | I11: 4222.15 | J11: 16204.712 | K11: 0 | L11: 33254.004
A12: S001-상추 | B12: 부산 금정구 농장 | C12: 상추 | D12: 9월 | E12: 22 | F12: 0.7 | G12: 12827.143 | H12: 0 | I12: 4107.7061 | J12: 16171.42 | K12: 0 | L12: 33106.269
A13: S001-상추 | B13: 부산 금정구 농장 | C13: 상추 | D13: 10월 | E13: 15 | F13: 0.62 | G13: 12827.143 | H13: 32.187344 | I13: 3990.4011 | J13: 16145.004 | K13: 0 | L13: 32994.735
A14: S001-상추 | B14: 부산 금정구 농장 | C14: 상추 | D14: 11월 | E14: 7 | F14: 0.58 | G14: 12827.143 | H14: 83.687093 | I14: 3875.9573 | J14: 16156.775 | K14: 0 | L14: 32943.562
A15: S001-상추 | B15: 부산 금정구 농장 | C15: 상추 | D15: 12월 | E15: 0 | F15: 0.55 | G15: 12827.143 | H15: 128.74937 | I15: 3775.8189 | J15: 16189.415 | K15: 0 | L15: 32921.126
... A111: S003-바질 | B111: 부산 사하구 농장 | C111: 바질 | D111: 12월 | E111: 0 | F111: 0.55 | G111: 49275 | H111: 207.36645 | I111: 15050.773 | J111: 7450.8476 | K111: 0 | L111: 71983.987

Sheet 입력기준
A1: 모델 기준 및 입력 파일
A3: 구분 | B3: 항목 | C3: 값 | D3: 설명
A4: 버전 | B4: 프로그램 버전 | C4: 0.3.2 | D4: 배액률·배액량과 수도 종합단가 반영
A5: 시나리오 | B5: 조합 방식 | C5: 공간 × 작물 | D5: 모든 공간에 모든 작물을 각각 적용
A6: 수도 | B6: 배액률 | C6: 30% | D6: standard_info.csv 공통값; 모든 작물에 동일 적용
A7: 수도 | B7: 수도 종합단가 | C7: 2,300 원/m³ | D7: standard_info.csv 입력
A8: 수익 | B8: 공간 대여자 배분비율 | C8: 0.8 | D8: contraction_info.csv 입력
A9: 추천 | B9: 장기계약형 | C9: 예상수익 ≥ 원하는 월세 | D9: 두 금액이 같아도 장기계약형
A10: 추천 | B10: 단기계약형 | C10: 적자 또는 예상수익 < 원하는 월세 | D10: 적자 금액은 그대로 출력
A11: 입력 파일 | B11: 공간정보 | C11: data/space_info.csv | D11: 사업장별 원하는 월세 포함
A12: 입력 파일 | B12: 작물 생산정보 | C12: data/crop_production_info.csv | D12: 상추·딸기·바질
A13: 입력 파일 | B13: 작물 판매정보 | C13: data/crop_sale_info.csv | D13: 작물별 kg당 판매가격
A14: 주의 | B14: 9개 결과 합산 | C14: 비교용 | D14: 같은 공간의 대안 작물을 동시에 운영한 합계가 아님

Sheet 검증
A1: 계산 결과 검증
A2: MODEL STATUS | B2: =IF(COUNTIF(G5:G22,"FAIL")=0,"PASS","FAIL")
A4: 시나리오ID | B4: 검증 항목 | C4: 실제값 | D4: 기대값 | E4: 차이 | F4: 허용오차 | G4: 상태
A5: S001-상추 | B5: 월 영업이익 = 공간 대여자 예상수익 + 사업장 영업이익 | C5: ='요약'!W5 | D5: ='요약'!Y5+'요약'!AA5 | E5: =C5-D5 | F5: 0.5 | G5: =IF(ABS(E5)<=F5,"PASS","FAIL")
A6: S001-상추 | B6: 월 총 용수량 = 작물 순소비량 + 배액량 + 기타 용수량 | C6: ='요약'!Q5 | D6: ='요약'!N5+'요약'!O5+'요약'!P5 | E6: =C6-D6 | F6: 0.001 | G6: =IF(ABS(E6)<=F6,"PASS","FAIL")
A7: S001-딸기 | B7: 월 영업이익 = 공간 대여자 예상수익 + 사업장 영업이익 | C7: ='요약'!W6 | D7: ='요약'!Y6+'요약'!AA6 | E7: =C7-D7 | F7: 0.5 | G7: =IF(ABS(E7)<=F7,"PASS","FAIL")
A8: S001-딸기 | B8: 월 총 용수량 = 작물 순소비량 + 배액량 + 기타 용수량 | C8: ='요약'!Q6 | D8: ='요약'!N6+'요약'!O6+'요약'!P6 | E8: =C8-D8 | F8: 0.001 | G8: =IF(ABS(E8)<=F8,"PASS","FAIL")
A9: S001-바질 | B9: 월 영업이익 = 공간 대여자 예상수익 + 사업장 영업이익 | C9: ='요약'!W7 | D9: ='요약'!Y7+'요약'!AA7 | E9: =C9-D9 | F9: 0.5 | G9: =IF(ABS(E9)<=F9,"PASS","FAIL")
A10: S001-바질 | B10: 월 총 용수량 = 작물 순소비량 + 배액량 + 기타 용수량 | C10: ='요약'!Q7 | D10: ='요약'!N7+'요약'!O7+'요약'!P7 | E10: =C10-D10 | F10: 0.001 | G10: =IF(ABS(E10)<=F10,"PASS","FAIL")
A11: S002-상추 | B11: 월 영업이익 = 공간 대여자 예상수익 + 사업장 영업이익 | C11: ='요약'!W8 | D11: ='요약'!Y8+'요약'!AA8 | E11: =C11-D11 | F11: 0.5 | G11: =IF(ABS(E11)<=F11,"PASS","FAIL")
A12: S002-상추 | B12: 월 총 용수량 = 작물 순소비량 + 배액량 + 기타 용수량 | C12: ='요약'!Q8 | D12: ='요약'!N8+'요약'!O8+'요약'!P8 | E12: =C12-D12 | F12: 0.001 | G12: =IF(ABS(E12)<=F12,"PASS","FAIL")
A13: S002-딸기 | B13: 월 영업이익 = 공간 대여자 예상수익 + 사업장 영업이익 | C13: ='요약'!W9 | D13: ='요약'!Y9+'요약'!AA9 | E13: =C13-D13 | F13: 0.5 | G13: =IF(ABS(E13)<=F13,"PASS","FAIL")
A14: S002-딸기 | B14: 월 총 용수량 = 작물 순소비량 + 배액량 + 기타 용수량 | C14: ='요약'!Q9 | D14: ='요약'!N9+'요약'!O9+'요약'!P9 | E14: =C14-D14 | F14: 0.001 | G14: =IF(ABS(E14)<=F14,"PASS","FAIL")
A15: S002-바질 | B15: 월 영업이익 = 공간 대여자 예상수익 + 사업장 영업이익 | C15: ='요약'!W10 | D15: ='요약'!Y10+'요약'!AA10 | E15: =C15-D15 | F15: 0.5 | G15: =IF(ABS(E15)<=F15,"PASS","FAIL")
A16: S002-바질 | B16: 월 총 용수량 = 작물 순소비량 + 배액량 + 기타 용수량 | C16: ='요약'!Q10 | D16: ='요약'!N10+'요약'!O10+'요약'!P10 | E16: =C16-D16 | F16: 0.001 | G16: =IF(ABS(E16)<=F16,"PASS","FAIL")
A17: S003-상추 | B17: 월 영업이익 = 공간 대여자 예상수익 + 사업장 영업이익 | C17: ='요약'!W11 | D17: ='요약'!Y11+'요약'!AA11 | E17: =C17-D17 | F17: 0.5 | G17: =IF(ABS(E17)<=F17,"PASS","FAIL")
A18: S003-상추 | B18: 월 총 용수량 = 작물 순소비량 + 배액량 + 기타 용수량 | C18: ='요약'!Q11 | D18: ='요약'!N11+'요약'!O11+'요약'!P11 | E18: =C18-D18 | F18: 0.001 | G18: =IF(ABS(E18)<=F18,"PASS","FAIL")
A19: S003-딸기 | B19: 월 영업이익 = 공간 대여자 예상수익 + 사업장 영업이익 | C19: ='요약'!W12 | D19: ='요약'!Y12+'요약'!AA12 | E19: =C19-D19 | F19: 0.5 | G19: =IF(ABS(E19)<=F19,"PASS","FAIL")
A20: S003-딸기 | B20: 월 총 용수량 = 작물 순소비량 + 배액량 + 기타 용수량 | C20: ='요약'!Q12 | D20: ='요약'!N12+'요약'!O12+'요약'!P12 | E20: =C20-D20 | F20: 0.001 | G20: =IF(ABS(E20)<=F20,"PASS","FAIL")
A21: S003-바질 | B21: 월 영업이익 = 공간 대여자 예상수익 + 사업장 영업이익 | C21: ='요약'!W13 | D21: ='요약'!Y13+'요약'!AA13 | E21: =C21-D21 | F21: 0.5 | G21: =IF(ABS(E21)<=F21,"PASS","FAIL")
A22: S003-바질 | B22: 월 총 용수량 = 작물 순소비량 + 배액량 + 기타 용수량 | C22: ='요약'!Q13 | D22: ='요약'!N13+'요약'!O13+'요약'!P13 | E22: =C22-D22 | F22: 0.001 | G22: =IF(ABS(E22)<=F22,"PASS","FAIL")
